Workbook

Sheet 注記
A1: 項目 | B1: 内容
A2: 目的 | B2: ドラム音源プラグイン（サンプルベース中心、モデリング、AI・パターン生成系、ループ／グルーヴ系・ビート制作系を含む。P18〜P25 は 2026-10-22 に追加）の「特徴的な機能」を製品ごと・機能ごとに整理する。
A3: 確認日 | B3: 2026-10-22。各製品の公式ページ・公式マニュアル・公式サポート記事を中心に確認。公式で足りないものはレビュー記事を使い、出典の種別に明記した。
A4: 記号 | B4: ○＝確認した出典に記載がある ／ △＝近い機能はあるが部分的・条件付き、または中身が未確認 ／ 空欄＝確認した出典に記載が見つからない（機能が無いという意味ではない）
A5: 推測しないこと | B5: 空欄は「無い」ではなく「確認した出典に書かれていない」。例: Superior Drummer 3 のラウンドロビン数、Addictive Drums 2 のブリード操作は、確認したページに記載がなく空欄にしている。
A6: 価格 | B6: 確認したページに価格があったものだけ記載。それ以外は「未確認」。
A7: シート | B7: 製品一覧／製品×機能（マトリクス。セルのコメントに詳細）／機能別一覧（機能ごとに持つ製品と中身）／詳細（製品×機能の全行）／出典／ジャンル別キット（lo-fi・psybient）
A8: 対象外にしたもの | B8: Perfect Drums（Naughty Seal Audio）、MT Power DrumKit 2、MixWave: 公式の機能説明を取得できず、販売店・KVR・ブログの情報しかなかったため。iZotope BreakTweaker: 公式サイトで販売終了と告知されているため（S48）。Groove Agent 6 の公式「新機能」ページは JavaScript で描画され本文を取得できなかったため、ヘルプで確認した。
A9: 前回の比較シートとの関係 | B9: 物理モデリング中心の比較は「ドラム音源プラグイン比較.xlsx」（D1〜D3）。MODO DRUM と SSD5.5 は両方に入っている。

Sheet 製品一覧
A1: # | B1: 製品 | C1: 開発元 | D1: 方式 | E1: 形態 | F1: 価格（2026-10-22確認） | G1: 特徴的な機能（要約） | H1: 確認できた機能の数 | I1: 出典
A2: P01 | B2: Superior Drummer 3 | C2: Toontrack | D2: サンプル | E2: プラグイン／単体 | F2: —（未確認） | G2: 230GB超の収録、最大11.1サラウンド、音から MIDI を作る Tracker、細かいブリード制御 | H2: =COUNTIF('製品×機能'!C3:AH3,"○") -> 18 | I2: S1 S2 S3
A3: P02 | B3: EZdrummer 3 | C3: Toontrack | D3: サンプル | E3: プラグイン／単体 | F3: —（未確認） | G3: オーディオや MIDI を入れるとグルーヴを提案する Bandmate、Tap2Find、Song Creator など作曲向け機能 | H3: =COUNTIF('製品×機能'!C4:AH4,"○") -> 10 | I3: S2 S4
A4: P03 | B4: Addictive Drums 2 | C4: XLN Audio | D4: サンプル | E4: プラグイン（VST/AU/AAX）／単体 | F4: —（未確認） | G4: 1小節を描いて探す Grid Search、Beat Transformer、スナップショットの A/B 比較 | H4: =COUNTIF('製品×機能'!C5:AH5,"○") -> 14 | I4: S5 S6 S7 S8 S9
A5: P04 | B5: BFD3（3.5） | C5: inMusic（BFD Drums） | D5: サンプル＋モデル化 | E5: プラグイン／単体 | F5: —（未確認） | G5: タム共鳴・シンバルのスウェルのモデル化、ダンピングなど Tech／Model の細かい操作、ルーディメントで描くグルーヴ編集 | H5: =COUNTIF('製品×機能'!C6:AH6,"○") -> 14 | I5: S10 S11 S12 S13 S38
A6: P05 | B6: BFD Player | C6: inMusic（BFD Drums） | D6: サンプル | E6: プラグイン／単体 | F6: 無料 | G6: 無料。リードハンド等のタグで探せる340グルーヴ、拡張をまたいだキットピースの差し替え | H6: =COUNTIF('製品×機能'!C7:AH7,"○") -> 5 | I6: S14
A7: P06 | B7: Steven Slate Drums 5.5 | C7: Steven Slate Drums | D7: サンプル | E7: プラグイン | F7: 月US$9.99のレント・トゥ・オウン（一括価格は未確認） | G7: 打ち込みやオーディオから合うグルーヴを探す Groove AI（Step AI／Drop AI）、Morph ノブ | H7: =COUNTIF('製品×機能'!C8:AH8,"○") -> 12 | I7: S15 S16 S17 S37
A8: P07 | B8: Modern & Massive | C8: GetGood Drums | D8: サンプル | E8: Kontakt（無料 Player 可） | F8: US$99 | G8: シンバルとスネアのブリードを行列で調整、グルーヴプレイヤー内蔵 | H8: =COUNTIF('製品×機能'!C9:AH9,"○") -> 2 | I8: S18
A9: P08 | B9: Abbey Road Modern Drummer（Vintage Drummer も参照） | C9: Native Instruments | D9: サンプル | E9: Kontakt（無料 Player 可） | F9: —（未確認） | G9: 最大27ベロシティ層・6ラウンドロビン、スネアのブリードを別録り、Tightness／Swing | H9: =COUNTIF('製品×機能'!C10:AH10,"○") -> 9 | I9: S19 S20
A10: P09 | B10: Groove Agent 6 | C10: Steinberg | D10: サンプル＋サンプラー | E10: プラグイン／単体 | F10: —（未確認） | G10: 2026-02-19 発売の告知 [S24]。Acoustic／Beat／Percussion の3種のエージェント、音の自動分類、Decompose（音程成分と雑音成分に分解） | H10: =COUNTIF('製品×機能'!C11:AH11,"○") -> 8 | I10: S21 S22 S23 S24
A11: P10 | B11: MODO DRUM 1.5 | C11: IK Multimedia | D11: モーダル合成＋サンプル | E11: プラグイン（VST2/VST3/AU/AAX）／単体 | F11: US$199.99（SE US$149.99、CS 無料） | G11: 寸法・材質・ヘッド・スティック・叩き方をモデルで変える | H11: =COUNTIF('製品×機能'!C12:AH12,"○") -> 6 | I11: S25
A12: P11 | B12: Virtual Drummer（各タイトル） | C12: UJAM | D12: サンプル＋フレーズ再生 | E12: プラグイン | F12: —（未確認） | G12: 鍵盤でフレーズを切り替え、強さを5段階とモジュレーションホイールで変える。ミックスは Amount で効き具合を調整 | H12: =COUNTIF('製品×機能'!C13:AH13,"○") -> 7 | I12: S26
A13: P12 | B13: Battery 4 | C13: Native Instruments | D13: サンプラー | E13: プラグイン／単体 | F13: —（未確認） | G13: セル行列のドラムサンプラー。波形編集、バス経路のドラッグ＆ドロップ、サイドチェイン | H13: =COUNTIF('製品×機能'!C14:AH14,"○") -> 3 | I13: S27
... A26: P25 | B26: Microtonic | C26: Sonic Charge | D26: シンセ合成（サンプル不使用） | E26: プラグイン | F26: US$99 | G26: サンプルを使わない合成のドラム、ホスト同期のパターンエンジン、モーフィングとランダム化、コンピューター生成のパターン集 Patternarium | H26: =COUNTIF('製品×機能'!C27:AH27,"○") -> 4 | I26: S47

Sheet 製品×機能
A1: 凡例: ○＝出典に記載あり、△＝部分的・条件付き、空欄＝確認した出典に記載なし。セルのコメントに中身と出典番号。
A2: # | B2: 製品 | C2: F01 MIDIグルーヴ集（同梱） | D2: F02 リズム入力でグルーヴ検索 | E2: F03 曲・録音に合わせた提案／追従 | F2: F04 パターンの自動生成・変奏 | G2: F05 曲構成づくり | H2: F06 内蔵のMIDI／パターン編集 | I2: F07 演奏スタイル・複雑さの変形 | J2: F08 ヒューマナイズ・スウィング・タイトネス | K2: F09 フィルの制御 | L2: F10 ドラム録音→MIDI変換 | M2: F11 マルチマイクのミキサー | N2: F12 ブリード（かぶり）制御 | O2: F13 DAWへの個別アウト | P2: F14 内蔵エフェクト | Q2: F15 チューニング・ピッチ系 | R2: F16 減衰・エンベロープ・ダンピング | S2: F17 合成・モデル化（サンプル再生以外） | T2: F18 ハイハット開閉・チョーク | U2: F19 ベロシティレイヤー／ラウンドロビン数の明記 | V2: F20 電子ドラム対応 | W2: F21 自前サンプルの読み込み | X2: F22 キットピースの差し替え・組み合わせ | Y2: F23 サンプルの自動整理・分類 | Z2: F24 サラウンド／イマーシブ | AA2: F25 マクロ・スナップショット | AB2: F26 MIDI・オーディオの書き出し | AC2: F27 AI・機械学習をうたう機能 | AD2: F28 オーディオループのテンポ・キー追従 | AE2: F29 ループのスライス・打ごとの編集 | AF2: F30 曲からの音源分離（ステム） | AG2: F31 拍子・フィールの変換 | AH2: F32 音色・キットのランダム生成
A3: P01 | B3: Superior Drummer 3 | C3: ○ | D3: ○ | G3: ○ | H3: ○ | I3: ○ | J3: ○ | L3: ○ | M3: ○ | N3: ○ | P3: ○ | Q3: ○ | R3: △ | T3: ○ | V3: ○ | W3: ○ | X3: ○ | Z3: ○ | AA3: ○ | AB3: ○
A4: P02 | B4: EZdrummer 3 | C4: ○ | D4: ○ | E4: ○ | G4: ○ | H4: ○ | I4: ○ | M4: ○ | P4: ○ | T4: ○ | V4: ○
A5: P03 | B5: Addictive Drums 2 | C5: ○ | D5: ○ | I5: ○ | J5: ○ | K5: ○ | M5: ○ | O5: ○ | P5: ○ | Q5: ○ | R5: ○ | V5: ○ | W5: △ | X5: ○ | AA5: ○ | AB5: ○
A6: P04 | B6: BFD3（3.5） | C6: ○ | G6: ○ | H6: ○ | I6: ○ | J6: ○ | M6: ○ | N6: ○ | O6: ○ | P6: ○ | Q6: ○ | R6: ○ | S6: ○ | T6: ○ | V6: △ | AB6: ○
A7: P05 | B7: BFD Player | C7: ○ | M7: ○ | O7: ○ | X7: ○ | AB7: ○
A8: P06 | B8: Steven Slate Drums 5.5 | C8: ○ | D8: ○ | E8: ○ | I8: ○ | M8: ○ | O8: ○ | P8: ○ | Q8: ○ | R8: ○ | W8: ○ | X8: ○ | AC8: ○
A9: P07 | B9: Modern & Massive | C9: △ | N9: ○ | P9: ○
A10: P08 | B10: Abbey Road Modern Drummer（Vintage Drummer も参照） | C10: ○ | J10: ○ | K10: ○ | M10: ○ | N10: ○ | P10: ○ | U10: ○ | V10: ○ | AB10: ○
A11: P09 | B11: Groove Agent 6 | C11: △ | H11: ○ | M11: ○ | P11: ○ | Q11: ○ | R11: ○ | T11: ○ | W11: ○ | Y11: ○
A12: P10 | B12: MODO DRUM 1.5 | C12: ○ | M12: ○ | P12: ○ | Q12: ○ | S12: ○ | AB12: ○
A13: P11 | B13: Virtual Drummer（各タイトル） | C13: ○ | I13: ○ | J13: ○ | K13: ○ | M13: △ | Q13: ○ | R13: ○ | AB13: ○
A14: P12 | B14: Battery 4 | O14: △ | P14: ○ | R14: ○ | W14: ○
A15: P13 | B15: XO | C15: ○ | J15: ○ | W15: ○ | Y15: ○ | AB15: ○ | AC15: △
A16: P14 | B16: Atlas 2 | F16: ○ | H16: ○ | W16: ○ | Y16: ○ | AB16: ○ | AC16: △
A17: P15 | B17: Playbeat 4 | F17: ○ | W17: ○ | AB17: △ | AC17: ○
A18: P16 | B18: Logic Pro の Drummer（Session Players） | E18: ○ | F18: ○ | I18: ○ | J18: ○ | K18: ○ | T18: ○ | X18: ○ | AC18: ○
A19: P17 | B19: Magenta Studio 2 | E19: ○ | F19: ○ | J19: ○ | AC19: ○
A20: P18 | B20: Stylus RMX Xpanded | C20: ○ | F20: ○ | O20: ○ | P20: ○ | W20: ○ | AB20: ○ | AD20: ○ | AE20: ○ | AG20: ○
A21: P19 | B21: DrumComputer | H21: ○ | K21: ○ | P21: ○ | S21: ○ | W21: ○ | AB21: ○ | AC21: ○ | AH21: ○
A22: P20 | B22: Serato Sample | Q22: ○ | W22: ○ | Y22: △ | AD22: ○ | AE22: ○ | AF22: ○
A23: P21 | B23: Maschine 3（ソフトウェア） | H23: ○ | S23: ○ | W23: ○ | AF23: ○
A24: P22 | B24: Spark 2 | H24: ○ | J24: ○ | Q24: ○ | S24: ○ | T24: ○ | AA24: ○
A25: P23 | B25: Arcade | W25: ○ | AA25: △ | AD25: ○
A26: P24 | B26: Loopcloud | C26: △ | AB26: ○ | AD26: ○
A27: P25 | B27: Microtonic | F27: ○ | H27: ○ | S27: ○ | AH27: ○
B28: ○ の数 | C28: =COUNTIF(C3:C27,"○") -> 11 | D28: =COUNTIF(D3:D27,"○") -> 4 | E28: =COUNTIF(E3:E27,"○") -> 4 | F28: =COUNTIF(F3:F27,"○") -> 6 | G28: =COUNTIF(G3:G27,"○") -> 3 | H28: =COUNTIF(H3:H27,"○") -> 9 | I28: =COUNTIF(I3:I27,"○") -> 7 | J28: =COUNTIF(J3:J27,"○") -> 9 | ... AH28: =COUNTIF(AH3:AH27,"○") -> 2
B29: △ の数 | C29: =COUNTIF(C3:C27,"△") -> 3 | D29: =COUNTIF(D3:D27,"△") -> 0 | E29: =COUNTIF(E3:E27,"△") -> 0 | F29: =COUNTIF(F3:F27,"△") -> 0 | G29: =COUNTIF(G3:G27,"△") -> 0 | H29: =COUNTIF(H3:H27,"△") -> 0 | I29: =COUNTIF(I3:I27,"△") -> 0 | J29: =COUNTIF(J3:J27,"△") -> 0 | ... AH29: =COUNTIF(AH3:AH27,"△") -> 0

Sheet 機能別一覧
A1: # | B1: 機能 | C1: 説明 | D1: ○ の製品数 | E1: △ の製品数 | F1: 持つ製品と中身（○） | G1: 部分的（△）
A2: F01 | B2: MIDIグルーヴ集（同梱） | C2: 演奏データ（ビート・フィル）のライブラリを持つ | D2: ='製品×機能'!C28 -> 11 | E2: ='製品×機能'!C29 -> 3 | F2: ・Superior Drummer 3: 約1,640 の MIDI ファイル。曲のパート別に分類 [S1] ・EZdrummer 3: 2,500 以上のグルーヴとフィル。曲構成のパート別。導入・終止用の素材も [S4] ・Addictive Drums 2: Beats & Fills の MIDI ライブラリ。スタイル・テンポ・拍子で絞り込み [S6,S7] ・BFD3（3.5）: 82 の Groove Palette [S10] ・BFD Player: 340 グルーヴ。ジャンル・テンポ・リードハンドのタグで検索 [S14] ・Steven Slate Drums 5.5: 2,400 以上の MIDI グルーヴ [S15] ・Abbey Road Modern Drummer（Vintage Drummer も参照）: 1,000 グルーヴ・5ジャンル（Vintage は 600・8ジャンル） [S19,S20] ・MODO DRUM 1.5: 1,400 以上の MIDI グルーヴ [S25] ・Virtual Drummer（各タイトル）: 30スタイル。イントロ・Verse・Chorus・エンディング等のパート別 [S26] ・XO: 240 以上の編集できるビートプリセット [S28] ・Stylus RMX Xpanded: 14GB のコアライブラリ。付属の Xpander 5種と合わせて約10,000 のグルーヴと音 [S39] | G2: ・Modern & Massive: グルーヴプレイヤー内蔵（収録数は未確認） [S18] ・Groove Agent 6: Style Player・MIDI Player を搭載（同梱スタイルの数は未確認） [S21] ・Loopcloud: 15万以上の MIDI ファイルを検索（ドラム専用ではない）。「Drum kit」の音で試聴 [S46]
A3: F02 | B3: リズム入力でグルーヴ検索 | C3: タップや1小節の打ち込みから、近いグルーヴを探す | D3: ='製品×機能'!D28 -> 4 | E3: ='製品×機能'!D29 -> 0 | F3: ・Superior Drummer 3: Tap2Find（EZdrummer 3 と共通） [S2] ・EZdrummer 3: Tap2Find: リズムを叩くと近いグルーヴを一覧 [S4] ・Addictive Drums 2: Grid Search: 1小節16分のパターンを描いて探す。Similar で選択中のビートから検索 [S7] ・Steven Slate Drums 5.5: Groove AI の Step AI: 打ち込んだパターンに合うグルーヴを探す [S16]
A4: F03 | B4: 曲・録音に合わせた提案／追従 | C4: 手持ちのオーディオや MIDI を解析して、合うグルーヴを提案したり追従したりする | D4: ='製品×機能'!E28 -> 4 | E4: ='製品×機能'!E29 -> 0 | F4: ・EZdrummer 3: Bandmate: オーディオか MIDI を入れるとグルーヴを提案（Bandmate は EZdrummer 3 のみと公式ブログ） [S4,S2] ・Steven Slate Drums 5.5: Groove AI の Drop AI: 読み込んだオーディオに合うグルーヴを探す。曲のトランジェントを解析 [S16,S15] ・Logic Pro の Drummer（Session Players）: Follow: キックとスネアを別トラックのリズムに追従（パーカッションのジャンルは不可） [S33,S31] ・Magenta Studio 2: Drumify: ベース・メロディ・タップしたリズムからドラムを作る [S36]
A5: F04 | B5: パターンの自動生成・変奏 | C5: 既存ライブラリの検索ではなく、パターンを生成・変奏する | D5: ='製品×機能'!F28 -> 6 | E5: ='製品×機能'!F29 -> 0 | F5: ・Atlas 2: キットの自動作成（押すたびに別の組み合わせ）、パターンの自動バリエーション [S29] ・Playbeat 4: ジャンルに基づくパターン生成。スタイルと複雑さを選ぶ。リミックスを無制限に生成・保存 [S30] ・Logic Pro の Drummer（Session Players）: 現在の設定で演奏を再生成 [S31] ・Magenta Studio 2: Generate（4小節を新規生成）、Continue（最大32小節延長）、Interpolate（2つのビートを補間） [S36] ・Stylus RMX Xpanded: Chaos Designer: オーディオのグルーヴに変奏や「即興」を加える。Capture で MIDI 化 [S39] ・Microtonic: Patternarium: コンピューターが生成した数千のプリセット（パターン）をオンラインで試聴・取得 [S47]
A6: F05 | B6: 曲構成づくり | C6: ソングトラック等で、イントロ〜エンディングの流れを組む | D6: ='製品×機能'!G28 -> 3 | E6: ='製品×機能'!G29 -> 0 | F6: ・Superior Drummer 3: Song Track（テンポ・拍子変更、複数バージョン）、Song Creator [S1,S2] ・EZdrummer 3: Song Creator、Song Track でパートを並べ替え [S4] ・BFD3（3.5）: Drum Track にグルーヴを並べて曲全体を作る [S12]
A7: F06 | B7: 内蔵のMIDI／パターン編集 | C7: グリッドエディタやステップシーケンサーを内蔵 | D7: ='製品×機能'!H28 -> 9 | E7: ='製品×機能'!H29 -> 0 | F7: ・Superior Drummer 3: MIDI グリッドエディタ。nudge・random などの高度な編集 [S1] ・EZdrummer 3: グリッドエディタ（Superior Drummer 3 と同じ） [S4,S2] ・BFD3（3.5）: Groove Editor。ルーディメントから描く [S10,S12] ・Groove Agent 6: Pattern Player: ステップシーケンサー。スタイルや MIDI をパターンに変換して編集 [S23] ・Atlas 2: シーケンサー（レーンごとの長さ、回転、nudge、ミラー） [S29] ・DrumComputer: 16ステップ×16パターン。トラックごとのテンポ・方向・長さ、確率・ロール・ステップ遅延のモジュレーション [S41] ・Maschine 3（ソフトウェア）: パターンの録音・編集、ノートの nudge、モジュレーションエディタ [S43] ・Spark 2: 64ステップのシーケンサー [S44] ・Microtonic: ホストに同期するパターン式のドラムマシン [S47]
A8: F07 | B8: 演奏スタイル・複雑さの変形 | C8: 既存グルーヴの叩き方・密度・強さを一括で変える | D8: ='製品×機能'!I28 -> 7 | E8: ='製品×機能'!I29 -> 0 | F8: ・Superior Drummer 3: Edit Play Style [S1] ・EZdrummer 3: Edit Play Style（演奏の実時間変更） [S4] ・Addictive Drums 2: Beat Transformer: Range、Accents、Random、キットピースの差し替え、Speed・Length [S7] ・BFD3（3.5）: Groove FX で dynamics と complexity も調整（詳細の記載なし） [S12] ・Steven Slate Drums 5.5: Morph ノブでグルーヴを調整（製品ページの FAQ） [S15] ・Virtual Drummer（各タイトル）: Verse・Chorus に強さ順の5バリエーション。モジュレーションホイールで強さを連続変化 [S26] ・Logic Pro の Drummer（Session Players）: Complexity と Intensity のスライダー。キット別のパターン選択 [S32,S34]
A9: F08 | B9: ヒューマナイズ・スウィング・タイトネス | C9: タイミングやベロシティの揺れ、スウィング量の調整 | D9: ='製品×機能'!J28 -> 9 | E9: ='製品×機能'!J29 -> 0 | F9: ・Superior Drummer 3: スウィング・クオンタイズ、random。電子ドラム入力のヒューマナイズ [S1] ・Addictive Drums 2: Random ノブでタイミングとベロシティを別々に揺らす [S7] ・BFD3（3.5）: Groove FX の Humanize・Swing（非破壊・実時間）。Model ページの Variance [S12,S13] ・Abbey Road Modern Drummer（Vintage Drummer も参照）: Tightness（グリッド通り〜ゆるさ）と Swing [S19,S20] ・Virtual Drummer（各タイトル）: Humanize（収録の揺れ〜グリッド）、Swing [S26] ・XO: グルーヴテンプレート、パターンの nudge、Accentuator [S28] ・Logic Pro の Drummer（Session Players）: Swing ノブ [S32] ・Magenta Studio 2: Groove: 実際のドラマーの録音で学習したモデルでタイミングとベロシティを付ける [S36] ・Spark 2: Shuffle と Shift でグルーヴをヒューマナイズ [S44]
A10: F09 | B10: フィルの制御 | C10: フィルの量・複雑さ・バリエーションを扱う専用の仕組み | D10: ='製品×機能'!K28 -> 5 | E10: ='製品×機能'!K29 -> 0 | F10: ・Addictive Drums 2: Fills の絞り込み、Variant List でバリエーションを選ぶ [S7] ・Abbey Road Modern Drummer（Vintage Drummer も参照）: フィルとバリエーションを収録 [S20] ・Virtual Drummer（各タイトル）: 3種のフィル。ループに戻るときにクラッシュを自動追加 [S26] ・Logic Pro の Drummer（Session Players）: Fills Amount と Fill Complexity [S32] ・DrumComputer: Auto Fill（曲の位置でフィルとパラメータ変化）、Remix コントロールでフィル [S41]
A11: F10 | B11: ドラム録音→MIDI変換 | C11: ドラムのオーディオから打点を検出して MIDI にする | D11: ='製品×機能'!L28 -> 1 | E11: ='製品×機能'!L29 -> 0 | F11: ・Superior Drummer 3: Tracker: ドラムのオーディオを解析して MIDI に変換 [S1]
A12: F11 | B12: マルチマイクのミキサー | C12: クローズ・オーバーヘッド・ルーム等をチャンネル別に混ぜる | D12: ='製品×機能'!M28 -> 9 | E12: ='製品×機能'!M29 -> 1 | F12: ・Superior Drummer 3: 22チャンネルのミキサーと32の内部バス。全マイクが個別チャンネル [S1,S2] ・EZdrummer 3: ミキサー。Michael Ilbert のマイク設定のプリセット [S4] ・Addictive Drums 2: クローズマイクのモノラル10ch＋OH・ルームのステレオ2ch [S8] ・BFD3（3.5）: ダイレクトマイク＋OH・Room・Amb3。Microphone Inspector [S10,S11] ・BFD Player: プリセット付きのミキサー [S14] ・Steven Slate Drums 5.5: ミキサーでルームとクローズマイクを調整 [S17] ・Abbey Road Modern Drummer（Vintage Drummer も参照）: スネア上下、OH、ステレオルーム、特殊マイクのフェーダー [S19] ・Groove Agent 6: 太鼓ごとの Room・Overhead レベル。全エージェント共通のミキサー [S22,S23] ・MODO DRUM 1.5: スタジオ品質の処理付きミキサー [S25] | G12: ・Virtual Drummer（各タイトル）: 楽器・グループ別のチャンネルとミックスプリセット（Amount で効き具合）。マイク別ではない [S26]
A13: F12 | B13: ブリード（かぶり）制御 | C13: 他の太鼓の音がマイクに入る量を調整する | D13: ='製品×機能'!N28 -> 4 | E13: ='製品×機能'!N29 -> 0 | F13: ・Superior Drummer 3: 太鼓ごとのブリード制御（Individual bleed controls、Instrument bleed） [S1,S2] ・BFD3（3.5）: Bleed の Trim・Send・Return、行き先（キック・スネア）を指定 [S13] ・Modern & Massive: シンバルとスネアのブリードの行列 [S18] ・Abbey Road Modern Drummer（Vintage Drummer も参照）: スネアのブリードを別録りし量を調整 [S19,S20]
A14: F13 | B14: DAWへの個別アウト | C14: チャンネルを個別出力で DAW に送る | D14: ='製品×機能'!O28 -> 5 | E14: ='製品×機能'!O29 -> 1 | F14: ・Addictive Drums 2: 全チャンネルを個別出力に。2.6 で Route All Channels [S8,S9] ・BFD3（3.5）: チャンネルを個別出力へ。外部信号でコンプのサイドチェイン [S10] ・BFD Player: ドラム出力を個別にルーティング [S14] ・Steven Slate Drums 5.5: マルチアウトで DAW に個別に送る [S17] ・Stylus RMX Xpanded: 8ch ミキサー（ミュート・ソロ、Aux センド4系統、出力の割り当て） [S39] | G14: ・Battery 4: バスへのドラッグ＆ドロップの経路設定、4バスとマスターでサイドチェイン（DAW への個別出力は未確認） [S27]
A15: F14 | B15: 内蔵エフェクト | C15: EQ・コンプ・リバーブ等を内蔵 | D15: ='製品×機能'!P28 -> 12 | E15: ='製品×機能'!P29 -> 0 | F15: ・Superior Drummer 3: 低負荷のインサートエフェクト35種 [S1] ・EZdrummer 3: プリセットごとのエフェクト操作 [S2] ・Addictive Drums 2: チャンネルごとに EQ・コンプ・歪み・トランジェント・テープ。センドの Delerb 2系統 [S6,S8] ・BFD3（3.5）: 48種（AIR の13種を含む） [S10] ・Steven Slate Drums 5.5: Mix Console の Effects Rack [S15] ・Modern & Massive: 内蔵の処理とリバーブ [S18] ・Abbey Road Modern Drummer（Vintage Drummer も参照）: 4バンド EQ、コンプ、Transient Master、テープ、コンボリューションリバーブ（IR 30種） [S19] ・Groove Agent 6: 全エージェントで全エフェクトを使える。6 で EQ・歪み・コンプを追加 [S23] ・MODO DRUM 1.5: 19種のプロセッサー、トラック・バス・マスターに8バンド EQ [S25] ・Battery 4: SOLID EQ、SOLID BUS COMP、TRANSIENT MASTER、テープ、LoFi、コンボリューションリバーブ [S27] ・Stylus RMX Xpanded: 統合エフェクトラック（27種） [S39] ・DrumComputer: フィルター、コンプ、オーバードライブ、リバーブ2種、Finalizer [S41]
A16: F15 | B16: チューニング・ピッチ系 | C16: 音程、ベロシティで音程を変える、ピッチエンベロープ等 | D16: ='製品×機能'!Q28 -> 9 | E16: ='製品×機能'!Q29 -> 0 | F16: ・Superior Drummer 3: ヘッドとシンバルのチューニング、ピッチエンベロープ [S1] ・Addictive Drums 2: Pitch [S6] ・BFD3（3.5）: Tune（最大1オクターブ）、Vel to Pitch、タムを鍵盤で合わせる [S13] ・Steven Slate Drums 5.5: チューニング、アーティキュレーション、ベロシティ [S15] ・Groove Agent 6: Tune。Beat Agent の Pitch Detection と Pitch Quantize [S22,S23] ・MODO DRUM 1.5: チューニング [S25] ・Virtual Drummer（各タイトル）: チャンネルごとのチューニング [S26] ・Serato Sample: テンポを変えずにキーを半音・微分音で変更 [S42] ・Spark 2: パッドとステップボタンで弾ける16音程モード [S44]
A17: F16 | B17: 減衰・エンベロープ・ダンピング | C17: 音の長さや減衰、ミュートの調整 | D17: ='製品×機能'!R28 -> 6 | E17: ='製品×機能'!R29 -> 1 | F17: ・Addictive Drums 2: 音量エンベロープ [S6] ・BFD3（3.5）: Damping（量・周波数・アンビエントへの比率）、Vel to Damp、エンベロープ [S13] ・Steven Slate Drums 5.5: ADSR [S15] ・Groove Agent 6: Attack・Hold・Decay [S22] ・Virtual Drummer（各タイトル）: チャンネルごとの Decay [S26] ・Battery 4: 波形上で開始・終了点、音量カーブ、ループ、エンベロープ [S27] | G17: ・Superior Drummer 3: リバース再生の記載はあるが、減衰の操作は未確認 [S1]
A18: F17 | B18: 合成・モデル化（サンプル再生以外） | C18: 共鳴・スウェルのモデル化、モーダル合成、シンセ合成など、サンプル再生以外の計算で音や挙動を作る | D18: ='製品×機能'!S28 -> 6 | E18: ='製品×機能'!S29 -> 0 | F18: ・BFD3（3.5）: タム共鳴とブリードのモデル化、シンバルのスウェル、ダイナミクスの整合 [S10,S13] ・MODO DRUM 1.5: 実時間のモーダル合成＋サンプル。寸法・材質・ヘッド・スティック・叩き方 [S25] ・DrumComputer: 8つの音源。共鳴体、ウェーブテーブル／アナログのオシレーター、再合成／サンプラーの3層 [S41] ・Maschine 3（ソフトウェア）: 内蔵のドラムシンセ [S43] ・Spark 2: TAE のアナログ合成と物理モデル（多層サンプルと併用）。モジュラー式のドラムシンセ編集 [S44] ・Microtonic: サンプルや事前に作った波形を使わない合成 [S47]
A19: F18 | B19: ハイハット開閉・チョーク | C19: ハイハットの開き具合、シンバルのチョーク等の制御 | D19: ='製品×機能'!T28 -> 6 | E19: ='製品×機能'!T29 -> 0 | F19: ・Superior Drummer 3: ハイハットペダルの応答と開き具合の編集（電子ドラム設定） [S1] ・EZdrummer 3: 柔軟なハイハット制御（電子ドラム） [S4] ・BFD3（3.5）: Hihat tighten（閉じるほど減衰・音程上昇）、チョークの応答とチョークグループ [S13] ・Groove Agent 6: シンバルのチョーク（ノートオフ・アフタータッチ）、ハイハットの開きの最小・最大、CC の遮断 [S22] ・Logic Pro の Drummer（Session Players）: Hi-Hat の開閉の度合い（Details） [S34] ・Spark 2: チョークグループ [S44]
A20: F19 | B20: ベロシティレイヤー／ラウンドロビン数の明記 | C20: 収録の層の数や同じ強さでの差し替え数を公式に記載 | D20: ='製品×機能'!U28 -> 1 | E20: ='製品×機能'!U29 -> 0 | F20: ・Abbey Road Modern Drummer（Vintage Drummer も参照）: 最大27ベロシティ層、同じ強さで最大6ラウンドロビン（Vintage は4）。左右の手を別収録 [S19,S20]
A21: F20 | B21: 電子ドラム対応 | C21: 電子ドラム用のマッピングプリセットやベロシティ応答の調整 | D21: ='製品×機能'!V28 -> 4 | E21: ='製品×機能'!V29 -> 1 | F21: ・Superior Drummer 3: 主要メーカーのマッピングプリセット、Snare Zone Control、MIDI 出力 [S1] ・EZdrummer 3: 電子ドラムのプリセット、ベロシティ応答の調整、直接録音 [S4] ・Addictive Drums 2: 電子ドラムは設定不要と公式。電子ドラムからの MIDI 録音 [S5,S7] ・Abbey Road Modern Drummer（Vintage Drummer も参照）: GM、V-Drums、Superior Drummer、BFD、Addictive Drums 等のマッピングテンプレート [S19] | G21: ・BFD3（3.5）: マニュアルに電子ドラム用のページがある（内容は未確認） [S38]
A22: F21 | B22: 自前サンプルの読み込み | C22: ユーザーのサンプルを鳴らせる | D22: ='製品×機能'!W28 -> 12 | E22: ='製品×機能'!W29 -> 1 | F22: ・Superior Drummer 3: 自前サンプルの読み込み [S1] ・Steven Slate Drums 5.5: サードパーティのサンプルを加えてキットを作る（サポート記事の題名） [S37] ・Groove Agent 6: Sample タブ、単体版でのサンプル録音、ループのスライス、Decompose（音程成分と雑音成分に分解） [S21,S23] ・Battery 4: 自前サンプルを読み込みセル行列でキットを作る [S27] ・XO: 自前サンプルの読み込み（重複や散らばったフォルダも整理） [S28] ・Atlas 2: フォルダやディスクを解析して読み込む [S29] ・Playbeat 4: 自前の音・プリセット・タグを追加（体験版では無効） [S30] ・Stylus RMX Xpanded: ReCycle の REX ファイルで自前のループを取り込む [S39,S40] ・DrumComputer: Sampler Mode で自前の音を鳴らす [S41] ・Serato Sample: 任意の曲やサンプルを読み込んでパッドに割り当て [S42] ・Maschine 3（ソフトウェア）: サンプルの録音と編集（Sampler ビュー） [S43] ・Arcade: 自前のサンプルをドラッグで追加 [S45] | G22: ・Addictive Drums 2: Trigger キットピース（追加のワンショットを重ねる）。任意のサンプル読み込みかは未確認 [S6]
A23: F22 | B23: キットピースの差し替え・組み合わせ | C23: 別キット・別拡張の太鼓を組み合わせてキットを作る | D23: ='製品×機能'!X28 -> 5 | E23: ='製品×機能'!X29 -> 0 | F23: ・Superior Drummer 3: ドラムスタック作成、SDX・EZX ライブラリの太鼓を混在 [S1] ・Addictive Drums 2: ライブラリ内のキットピースを組み合わせてキットを作る [S5] ・BFD Player: 別の拡張パックのキットピースに差し替え [S14] ・Steven Slate Drums 5.5: 太鼓を選んでキットを作る。最大32インストゥルメント [S17] ・Logic Pro の Drummer（Session Players）: Drum Kit Designer でキットピースを交換 [S31]
A24: F23 | B24: サンプルの自動整理・分類 | C24: 音の類似度や種類で自動的に並べる・分類する | D24: ='製品×機能'!Y28 -> 3 | E24: ='製品×機能'!Y29 -> 1 | F24: ・Groove Agent 6: ドラム音の自動分類（Automatically Classifying Drum Sounds） [S21] ・XO: ワンショットを音の類似度で視覚的に整理 [S28] ・Atlas 2: キック・スネア等に分類し、似た音を2次元の地図にまとめる [S29] | G24: ・Serato Sample: Find Samples: 波形を解析して良い位置にキューポイントを自動配置（分類ではない） [S42]
A25: F24 | B25: サラウンド／イマーシブ | C25: サラウンドのマイクで再生・ミックスできる | D25: ='製品×機能'!Z28 -> 1 | E25: ='製品×機能'!Z29 -> 0 | F25: ・Superior Drummer 3: 最大11.1サラウンド（追加のルームマイク11本） [S1]
A26: F25 | B26: マクロ・スナップショット | C26: 複数パラメータをまとめる操作、設定の比較（A/B） | D26: ='製品×機能'!AA28 -> 3 | E26: ='製品×機能'!AA29 -> 1 | F26: ・Superior Drummer 3: マクロコントロール（3.4.0 でプラグインのパラメータ名をマクロ名に合わせた） [S1,S3] ・Addictive Drums 2: Snapshots: 設定を最大5個保存して A/B 比較（2.6） [S9] ・Spark 2: オシレーターとフィルター用のカスタムマクロのモジュール [S44] | G26: ・Arcade: Kit ごとにマクロと Modifier を用意（中身の詳細は未確認） [S45]
A27: F26 | B27: MIDI・オーディオの書き出し | C27: ドラッグ＆ドロップやバウンスで DAW に渡す | D27: ='製品×機能'!AB28 -> 12 | E27: ='製品×機能'!AB29 -> 1 | F27: ・Superior Drummer 3: 16／24bit のオーディオバウンス [S1] ・Addictive Drums 2: Audio Recorder でループを作り DAW へドラッグ（2.6） [S9] ・BFD3（3.5）: マルチチャンネルのオーディオ書き出し、グルーヴのドラッグ書き出し [S10] ・BFD Player: グルーヴをタイムラインへドラッグ [S14] ・Abbey Road Modern Drummer（Vintage Drummer も参照）: グルーヴを MIDI でホストにドラッグ [S19] ・MODO DRUM 1.5: グルーヴを DAW へドラッグ＆ドロップ [S25] ・Virtual Drummer（各タイトル）: パートを MIDI として DAW にドラッグ [S26] ・XO: 単体サンプル・キット・ステム・ビートをオーディオか MIDI でドラッグ書き出し [S28] ・Atlas 2: パターンを MIDI かオーディオで書き出し [S29] ・Stylus RMX Xpanded: MIDI ファイルをホストにドラッグ [S39] ・DrumComputer: トリガー・モジュレーション・Auto Fill・CC を含む MIDI ファイルをドラッグで書き出し [S41] ・Loopcloud: Processed Separate Files でパートを個別に書き出し [S46] | G27: ・Playbeat 4: MIDI 出力部で他のプラグインや外部機器を鳴らす（MIDI ファイル書き出しの記載はない） [S30]
A28: F27 | B28: AI・機械学習をうたう機能 | C28: 開発元が AI／機械学習と説明している機能 | D28: ='製品×機能'!AC28 -> 5 | E28: ='製品×機能'!AC29 -> 2 | F28: ・Steven Slate Drums 5.5: Groove AI [S16] ・Playbeat 4: AI によるパターン生成とうたう [S30] ・Logic Pro の Drummer（Session Players）: Session Players を「AI-driven backing band」と説明（2024-05） [S35] ・Magenta Studio 2: Magenta のオープンソースのモデルを利用 [S36] ・DrumComputer: Claude 用の拡張: 文章の指示1つから DrumComputer の音色を生成（製品版が必要） [S41] | G28: ・XO: ページの説明文に「AI-powered drum sampling」とあるのみ。仕組みの説明はない [S28] ・Atlas 2: サンプル解析・分類（レビューによる。2021 年の版） [S29]
A29: F28 | B29: オーディオループのテンポ・キー追従 | C29: 録音済みのループ（オーディオのグルーヴ）を曲のテンポやキーに合わせて鳴らす | D29: ='製品×機能'!AD28 -> 4 | E29: ='製品×機能'!AD29 -> 0 | F29: ・Stylus RMX Xpanded: グルーヴを実時間でビートに自動同期 [S39,S40] ・Serato Sample: パッドごとに音程を保ったまま再生速度を変える [S42] ・Arcade: ループを曲のテンポとキーに合わせて再生。15本を白鍵 C2〜C4 に配置 [S45] ・Loopcloud: テンポに自動で合わせる、Pitch Lock でキーを固定して試聴 [S46]
A30: F29 | B30: ループのスライス・打ごとの編集 | C30: ループを打ごと・区間ごとに分けて鳴らす、反転するなど | D30: ='製品×機能'!AE28 -> 2 | E30: ='製品×機能'!AE29 -> 0 | F30: ・Stylus RMX Xpanded: Edit Groups でループ内の個々の打を非破壊で操作（特定スライスの反転など） [S39,S40] ・Serato Sample: 最大32のキューポイントを32パッドに割り当て [S42]
A31: F30 | B31: 曲からの音源分離（ステム） | C31: ミックス済みの曲からドラム等を分離する | D31: ='製品×機能'!AF28 -> 2 | E31: ='製品×機能'!AF29 -> 0 | F31: ・Serato Sample: アカペラ・メロディ・ベース・ドラムのステムを実時間で分離 [S42] ・Maschine 3（ソフトウェア）: 曲を読み込みベース・ドラム・ボーカル・その他に分離（Sampler ビューでも） [S43]
A32: F31 | B32: 拍子・フィールの変換 | C32: オーディオのグルーヴを別の拍子やノリに作り替える | D32: ='製品×機能'!AG28 -> 1 | E32: ='製品×機能'!AG29 -> 0 | F32: ・Stylus RMX Xpanded: Time Designer: オーディオのグルーヴを任意の拍子・フィール・パターンに実時間で変える [S39]
A33: F32 | B33: 音色・キットのランダム生成 | C33: ドラムの音色やキットをランダム・変異で作る | D33: ='製品×機能'!AH28 -> 2 | E33: ='製品×機能'!AH29 -> 0 | F33: ・DrumComputer: プロファイル付きのランダマイザー、MakeKit でキットを生成 [S41] ・Microtonic: モーフィング、smart alteration、ランダム化 [S47]

Sheet 詳細
A1: 製品# | B1: 製品 | C1: 機能# | D1: 機能 | E1: 記号 | F1: 中身 | G1: 出典
A2: P01 | B2: Superior Drummer 3 | C2: F01 | D2: MIDIグルーヴ集（同梱） | E2: ○ | F2: 約1,640 の MIDI ファイル。曲のパート別に分類 | G2: S1
A3: P01 | B3: Superior Drummer 3 | C3: F02 | D3: リズム入力でグルーヴ検索 | E3: ○ | F3: Tap2Find（EZdrummer 3 と共通） | G3: S2
A4: P01 | B4: Superior Drummer 3 | C4: F05 | D4: 曲構成づくり | E4: ○ | F4: Song Track（テンポ・拍子変更、複数バージョン）、Song Creator | G4: S1,S2
A5: P01 | B5: Superior Drummer 3 | C5: F06 | D5: 内蔵のMIDI／パターン編集 | E5: ○ | F5: MIDI グリッドエディタ。nudge・random などの高度な編集 | G5: S1
A6: P01 | B6: Superior Drummer 3 | C6: F07 | D6: 演奏スタイル・複雑さの変形 | E6: ○ | F6: Edit Play Style | G6: S1
A7: P01 | B7: Superior Drummer 3 | C7: F08 | D7: ヒューマナイズ・スウィング・タイトネス | E7: ○ | F7: スウィング・クオンタイズ、random。電子ドラム入力のヒューマナイズ | G7: S1
A8: P01 | B8: Superior Drummer 3 | C8: F10 | D8: ドラム録音→MIDI変換 | E8: ○ | F8: Tracker: ドラムのオーディオを解析して MIDI に変換 | G8: S1
A9: P01 | B9: Superior Drummer 3 | C9: F11 | D9: マルチマイクのミキサー | E9: ○ | F9: 22チャンネルのミキサーと32の内部バス。全マイクが個別チャンネル | G9: S1,S2
A10: P01 | B10: Superior Drummer 3 | C10: F12 | D10: ブリード（かぶり）制御 | E10: ○ | F10: 太鼓ごとのブリード制御（Individual bleed controls、Instrument bleed） | G10: S1,S2
A11: P01 | B11: Superior Drummer 3 | C11: F14 | D11: 内蔵エフェクト | E11: ○ | F11: 低負荷のインサートエフェクト35種 | G11: S1
A12: P01 | B12: Superior Drummer 3 | C12: F15 | D12: チューニング・ピッチ系 | E12: ○ | F12: ヘッドとシンバルのチューニング、ピッチエンベロープ | G12: S1
... A187: P25 | B187: Microtonic | C187: F32 | D187: 音色・キットのランダム生成 | E187: ○ | F187: モーフィング、smart alteration、ランダム化 | G187: S47

Sheet 出典
A1: 番号 | B1: 題名 | C1: URL | D1: 種別 | E1: 確認日
A2: S1 | B2: Toontrack: Superior Drummer 3 製品ページ | C2: https://www.toontrack.com/product/superior-drummer-3/ | D2: 公式 | E2: 2026-10-22
A3: S2 | B3: Toontrack ブログ: EZdrummer 3 vs. Superior Drummer 3 | C3: https://www.toontrack.com/blog/ezdrummer-3-vs-superior-drummer-3/ | D3: 公式 | E3: 2026-10-22
A4: S3 | B4: Toontrack: Superior Drummer 3 リリースノート（3.4.0 2025-04-22、最新 3.4.4 2026-03-26） | C4: https://www.toontrack.com/release-notes/superior-drummer-3/ | D4: 公式 | E4: 2026-10-22
A5: S4 | B5: Toontrack: EZdrummer 3 製品ページ | C5: https://www.toontrack.com/product/ezdrummer-3/ | D5: 公式 | E5: 2026-10-22
A6: S5 | B6: XLN Audio: Addictive Drums 2 製品ページ | C6: https://www.xlnaudio.com/products/addictive_drums_2 | D6: 公式 | E6: 2026-10-22
A7: S6 | B7: XLN サポート: What is Addictive Drums 2? | C7: https://support.xlnaudio.com/hc/en-us/articles/16382433436701-What-is-Addictive-Drums-2 | D7: 公式 | E7: 2026-10-22
A8: S7 | B8: XLN サポート: Interface overview - Beats page | C8: https://support.xlnaudio.com/hc/en-us/articles/16593258822429-Interface-overview-Beats-page | D8: 公式 | E8: 2026-10-22
A9: S8 | B9: XLN サポート: Interface overview - The Mixer section | C9: https://support.xlnaudio.com/hc/en-us/articles/16593352540189-Interface-overview-The-Mixer-section | D9: 公式 | E9: 2026-10-22
A10: S9 | B10: XLN サポート: Update: Addictive Drums 2 version 2.6 | C10: https://support.xlnaudio.com/hc/en-us/articles/25294308272413-Update-Addictive-Drums-2-version-2-6-Workflow-improvements-resurrected-features-and-more | D10: 公式 | E10: 2026-10-22
A11: S10 | B11: BFD Drums: BFD3 製品ページ | C11: https://www.bfddrums.com/bfd3/ | D11: 公式 | E11: 2026-10-22
A12: S11 | B12: BFD3 マニュアル: Using BFD3 | C12: https://internal.bfddrums.com/manuals/BFD30/using_bfd3.htm | D12: 公式マニュアル | E12: 2026-10-22
... A49: S48 | B49: iZotope サポート: Support Notice for Iris 2, Breaktweaker, and Trash 2（販売終了） | C49: https://support.izotope.com/hc/en-us/articles/47669652368653-Support-Notice-for-Iris-2-Breaktweaker-and-Trash-2 | D49: 公式 | E49: 2026-10-22

Sheet ジャンル別キット
A1: lo-fi と psybient 向けのドラムキットを持つ音源・拡張（2026-10-22 確認）。psybient を明記したドラム音源のキットやプリセットは見つからなかった（NI の Electronica 系エクスパンション一覧にも psychedelic・psy の記載なし [G10]）。
A2: ジャンル | B2: 製品 | C2: 開発元 | D2: 使う音源（このブックの製品#） | E2: 中身 | F2: 価格 | G2: ジャンルの明記 | H2: 出典
A3: lo-fi | B3: Lo-Fi Beats | C3: XLN Audio | D3: XO（P13）の拡張 | E3: 編集できるビートプリセット75、ジャンル専用サンプル150以上。chillhop 向け | F3: US$39（XO 本体 US$149 が別途必要） | G3: ○ 明記 | H3: G1
A4: lo-fi | B4: Faded Reels | C4: Native Instruments | D4: Maschine（P21）・Battery 4（P12）のエクスパンション | E4: Maschine キット50＋Battery キット59。「lo-fi hip hop」と明記 | F4: US$49 | G4: ○ 明記 | H4: G2
A5: lo-fi | B5: Midnight Flow | C5: Native Instruments | D5: Maschine・Battery 4 のエクスパンション | E5: Maschine キット50＋Battery キット58。「Chill lo-fi hip hop kits」 | F5: US$49 | G5: ○ 明記 | H5: G3
A6: lo-fi | B6: Drift Theory | C6: Native Instruments | D6: Maschine・Battery 4 のエクスパンション | E6: Maschine キット50＋Battery キット59。「Lo-fi kits and patterns」 | F6: US$49 | G6: ○ 明記 | H6: G4
A7: lo-fi（参考） | B7: Lo-Fi EZmix Pack | C7: Toontrack | D7: EZmix 2／3 のプリセット（ドラム音源ではない） | E7: lo-fi 用のエフェクトチェーン50、うちドラムキット用11。EZdrummer 等の音を lo-fi に加工する用途 | F7: US$39 | G7: △ 加工用 | H7: G6
A8: downtempo（参考） | B8: Opaline Drift | C8: Native Instruments | D8: Maschine・Battery 4 のエクスパンション | E8: Battery キット50＋Maschine キット45。downtempo electronic 向け（psybient の明記はない） | F8: US$49 | G8: △ 近いジャンル | H8: G5
A9: psybient | B9: Psytronica（Famous Audio） | C9: Loopmasters | D9: WAV のサンプルパック（Loopcloud（P24）からも単体で入手可） | E9: ドラムループ61、ワンショット26。対象ジャンルに「Psybient, Psychill」と明記。プラグインのキットではない | F9: US$46.95 | G9: △ サンプルパック | H9: G7
A10: psytrance（参考） | B10: BigKick Expansion - PsiFi Kicks | C10: Plugin Boutique | D10: BigKick（キック生成プラグイン）の拡張 | E10: キックのプリセット64、アタック32。Trance・Psytrance・Goa 向け | F10: US$15（確認時はセールで US$5） | G10: △ キックのみ・別ジャンル | H10: G8
A11: psytrance（参考） | B11: Neopsy Kick | C11: Eplex7 DSP | D11: キック専用のシンセプラグイン（Windows VST） | E11: 主に psytrance・hitech・darkpsy 向け。プリセット113 | F11: KVR で US$34.73 | G11: △ キックのみ・別ジャンル | H11: G9
A13: 番号 | B13: 題名 | C13: URL
A14: G1 | B14: XLN Audio: XO Expansion Lo-Fi Beats | C14: https://www.xlnaudio.com/products/xo/expansion/lo-fi_beats
A15: G2 | B15: Native Instruments: Faded Reels | C15: https://www.native-instruments.com/en/products/komplete/expansions/faded-reels/
A16: G3 | B16: Native Instruments: Midnight Flow | C16: https://www.native-instruments.com/en/products/komplete/expansions/midnight-flow/
A17: G4 | B17: Native Instruments: Drift Theory | C17: https://www.native-instruments.com/en/products/komplete/expansions/drift-theory/
A18: G5 | B18: Native Instruments: Opaline Drift | C18: https://www.native-instruments.com/products/opaline-drift?variant=54051429482799
A19: G6 | B19: Toontrack: Lo-Fi EZmix Pack | C19: https://www.toontrack.com/product/lo-fi-ezmix-pack/
A20: G7 | B20: Loopmasters: Psytronica（Famous Audio） | C20: https://www.loopmasters.com/genres/138-Electronica/products/7576-Psytronica
A21: G8 | B21: Plugin Boutique: BigKick Expansion - PsiFi Kicks | C21: https://www.pluginboutique.com/product/1-Instruments/70-Expansion-Packs/4466-BigKick-Expansion-PsiFi-Kicks
A22: G9 | B22: KVR Marketplace: Neopsy Kick（Eplex7 DSP） | C22: https://www.kvraudio.com/marketplace/neopsy-kick-by-eplex7-dsp
A23: G10 | B23: Native Instruments: Electronica & Experimental のエクスパンション一覧 | C23: https://native-instruments.com/en/catalog/maschine/expansions/electronica-experimental
